Spongebob, Krusty Krab Pizza
Spongebob, Dirty Dan
Spongebob, Pinhead Larry
Spongebob, Gary the Snail
Spongebob, Squidward Tentacles
Spongebob, Pretty Patties
Spongebob, Krabby Patties
Spongebob, Eels and Escalators
Spongebob, The Ugly Barnacle
Spongebob, King Neptune
Spongebob, Aye Aye Captain
Spongebob, Squilliam Fancyson
Spongebob, Selling Chocolate
Spongebob, Bubble Buddy
Spongebob, Bold and Brash
Spongebob, Anti Sea Bear Circle
Spongebob, No this is Patrick
Spongebob, Krusty Krab Pizza
Spongebob, Liar Liar Plants for Hire
Spongebob, Seven Mile Spanking Machine
Spongebob, Invisible Boatmobile